{
    "token_metrics": {
        "class_metrics": {
            "B-NEG": {
                "precision": 0.9271012006861064,
                "recall": 0.9557913351016799,
                "f1": 0.9412276882890727,
                "support": 1131
            },
            "I-NEG": {
                "precision": 0.75,
                "recall": 0.7142857142857143,
                "f1": 0.7317073170731707,
                "support": 21
            },
            "B-NSCO": {
                "precision": 0.8472727272727273,
                "recall": 0.8669767441860465,
                "f1": 0.8570114942528736,
                "support": 1075
            },
            "I-NSCO": {
                "precision": 0.7591477535896248,
                "recall": 0.7456778889899909,
                "f1": 0.7523525361487262,
                "support": 2198
            },
            "B-UNC": {
                "precision": 0.6524822695035462,
                "recall": 0.7131782945736435,
                "f1": 0.6814814814814815,
                "support": 129
            },
            "I-UNC": {
                "precision": 0.6527777777777778,
                "recall": 0.7230769230769231,
                "f1": 0.6861313868613139,
                "support": 65
            },
            "B-USCO": {
                "precision": 0.6137931034482759,
                "recall": 0.689922480620155,
                "f1": 0.6496350364963503,
                "support": 129
            },
            "I-USCO": {
                "precision": 0.34545454545454546,
                "recall": 0.41530054644808745,
                "f1": 0.3771712158808933,
                "support": 366
            },
            "O": {
                "precision": 0.9793258637663494,
                "recall": 0.9763735364913183,
                "f1": 0.9778474717095947,
                "support": 42791
            }
        },
        "macro_avg": {
            "precision": 0.7252616934998837,
            "recall": 0.7556203848637287,
            "f1": 0.7393961809103863
        },
        "weighted_avg": {
            "precision": 0.9577763465382053,
            "recall": 0.9566224819956163,
            "f1": 0.9571502139190693
        }
    },
    "entity_metrics": {
        "NEG": {
            "precision": 0.9425385934819898,
            "recall": 0.9717064544650752,
            "f1": 0.9569003047453201,
            "support": 1131
        },
        "NSCO": {
            "precision": 0.6618181818181819,
            "recall": 0.6772093023255814,
            "f1": 0.6694252873563219,
            "support": 1075
        },
        "UNC": {
            "precision": 0.6595744680851063,
            "recall": 0.7209302325581395,
            "f1": 0.6888888888888888,
            "support": 129
        },
        "USCO": {
            "precision": 0.2413793103448276,
            "recall": 0.2713178294573643,
            "f1": 0.25547445255474455,
            "support": 129
        },
        "macro_avg": {
            "precision": 0.6263276384325264,
            "recall": 0.6602909547015401,
            "f1": 0.6426722333863188
        }
    },
    "scope_metrics": {
        "NEG": {
            "precision": 0.9268502581755593,
            "recall": 0.9556344276841171,
            "f1": 0.9410222804718218,
            "exact_matches": 1073,
            "partial_matches": 8,
            "missed": 50,
            "false_positives": 85
        },
        "NSCO": {
            "precision": 0.8460754332313966,
            "recall": 0.8682008368200836,
            "f1": 0.8569953536396488,
            "exact_matches": 711,
            "partial_matches": 238,
            "missed": 126,
            "false_positives": 151
        },
        "UNC": {
            "precision": 0.6534296028880866,
            "recall": 0.7154150197628458,
            "f1": 0.6830188679245284,
            "exact_matches": 88,
            "partial_matches": 5,
            "missed": 36,
            "false_positives": 48
        },
        "USCO": {
            "precision": 0.5847457627118644,
            "recall": 0.6764705882352942,
            "f1": 0.6272727272727273,
            "exact_matches": 42,
            "partial_matches": 54,
            "missed": 33,
            "false_positives": 49
        },
        "macro_avg": {
            "precision": 0.7527752642517267,
            "recall": 0.8039302181255852,
            "f1": 0.7770773073271816
        }
    }
}