{
    "spanish": {
        "class_metrics": {
            "NEG": {
                "precision": 0.9399624765478424,
                "recall": 0.943502824858757,
                "f1": 0.9417293233082706,
                "support": 1062
            },
            "NSCO": {
                "precision": 0.7886178861788617,
                "recall": 0.7796383121232418,
                "f1": 0.7841023913775682,
                "support": 2986
            },
            "UNC": {
                "precision": 0.5932203389830508,
                "recall": 0.5645161290322581,
                "f1": 0.5785123966942148,
                "support": 186
            },
            "USCO": {
                "precision": 0.37003058103975534,
                "recall": 0.5031185031185031,
                "f1": 0.426431718061674,
                "support": 481
            },
            "O": {
                "precision": 0.9733381264791349,
                "recall": 0.9694465164851559,
                "f1": 0.9713884238220521,
                "support": 33515
            }
        },
        "macro_avg": {
            "precision": 0.7330338818457289,
            "recall": 0.7520444571235831,
            "f1": 0.740432850652756
        },
        "weighted_avg": {
            "precision": 0.9485431378420891,
            "recall": 0.9460633010724562,
            "f1": 0.9471683564890314
        }
    },
    "catalan": {
        "class_metrics": {
            "NEG": {
                "precision": 0.8645833333333334,
                "recall": 0.9222222222222223,
                "f1": 0.8924731182795699,
                "support": 90
            },
            "NSCO": {
                "precision": 0.7303754266211604,
                "recall": 0.7456445993031359,
                "f1": 0.7379310344827587,
                "support": 287
            },
            "UNC": {
                "precision": 0.5555555555555556,
                "recall": 0.625,
                "f1": 0.5882352941176471,
                "support": 8
            },
            "USCO": {
                "precision": 0.5,
                "recall": 0.5714285714285714,
                "f1": 0.5333333333333333,
                "support": 14
            },
            "O": {
                "precision": 0.9911284215081684,
                "recall": 0.9895225750702096,
                "f1": 0.990324847305551,
                "support": 9258
            }
        },
        "macro_avg": {
            "precision": 0.7283285474036436,
            "recall": 0.7707635936048278,
            "f1": 0.7484595255037719
        },
        "weighted_avg": {
            "precision": 0.9811268114535922,
            "recall": 0.9807393600497049,
            "f1": 0.980916306608275
        }
    }
}