{
    "token_metrics": {
        "class_metrics": {
            "NEG": {
                "precision": 0.9337349397590361,
                "recall": 0.9418402777777778,
                "f1": 0.9377700950734659,
                "support": 1152
            },
            "NSCO": {
                "precision": 0.7833590138674884,
                "recall": 0.7766575007638252,
                "f1": 0.779993863148205,
                "support": 3273
            },
            "UNC": {
                "precision": 0.5913978494623656,
                "recall": 0.5670103092783505,
                "f1": 0.5789473684210527,
                "support": 194
            },
            "USCO": {
                "precision": 0.373134328358209,
                "recall": 0.5050505050505051,
                "f1": 0.4291845493562232,
                "support": 495
            },
            "O": {
                "precision": 0.9771959459459459,
                "recall": 0.9737918780539125,
                "f1": 0.9754909423047649,
                "support": 42773
            }
        },
        "macro_avg": {
            "precision": 0.731764415478609,
            "recall": 0.7528700941848742,
            "f1": 0.7402773636607423
        },
        "weighted_avg": {
            "precision": 0.9550949438108393,
            "recall": 0.9530561530269175,
            "f1": 0.953968034752969
        }
    },
    "entity_metrics": {
        "NEG": {
            "precision": 0.9384215091066782,
            "recall": 0.9634906500445236,
            "f1": 0.9507908611599296,
            "support": 1123
        },
        "NSCO": {
            "precision": 0.6383763837638377,
            "recall": 0.6534466477809254,
            "f1": 0.645823611759216,
            "support": 1059
        },
        "UNC": {
            "precision": 0.40268456375838924,
            "recall": 0.46511627906976744,
            "f1": 0.43165467625899273,
            "support": 129
        },
        "USCO": {
            "precision": 0.15333333333333332,
            "recall": 0.17829457364341086,
            "f1": 0.16487455197132617,
            "support": 129
        },
        "macro_avg": {
            "precision": 0.5332039474905595,
            "recall": 0.5650870376346568,
            "f1": 0.5482859252873661
        }
    }
}