{
    "spanish": {
        "class_metrics": {
            "B-NEG": {
                "precision": 0.9500480307396734,
                "recall": 0.9518768046198267,
                "f1": 0.9509615384615384,
                "support": 1039
            },
            "I-NEG": {
                "precision": 0.45454545454545453,
                "recall": 0.75,
                "f1": 0.5660377358490566,
                "support": 20
            },
            "B-NSCO": {
                "precision": 0.8366080661840745,
                "recall": 0.8221544715447154,
                "f1": 0.8293182983085597,
                "support": 984
            },
            "I-NSCO": {
                "precision": 0.7318806252960682,
                "recall": 0.7701894317048853,
                "f1": 0.750546514452271,
                "support": 2006
            },
            "B-UNC": {
                "precision": 0.6165413533834586,
                "recall": 0.6666666666666666,
                "f1": 0.640625,
                "support": 123
            },
            "I-UNC": {
                "precision": 0.5227272727272727,
                "recall": 0.7419354838709677,
                "f1": 0.6133333333333333,
                "support": 62
            },
            "B-USCO": {
                "precision": 0.5755395683453237,
                "recall": 0.6504065040650406,
                "f1": 0.6106870229007634,
                "support": 123
            },
            "I-USCO": {
                "precision": 0.3119834710743802,
                "recall": 0.42296918767507,
                "f1": 0.3590963139120095,
                "support": 357
            },
            "O": {
                "precision": 0.9761175198269647,
                "recall": 0.9679177837354781,
                "f1": 0.9720003589697568,
                "support": 33570
            }
        },
        "macro_avg": {
            "precision": 0.6639990402358523,
            "recall": 0.7493462593202945,
            "f1": 0.6991784573541432
        },
        "weighted_avg": {
            "precision": 0.9493847029710836,
            "recall": 0.9458259325044405,
            "f1": 0.9474245843399379
        }
    },
    "catalan": {
        "class_metrics": {
            "B-NEG": {
                "precision": 0.8095238095238095,
                "recall": 0.9239130434782609,
                "f1": 0.8629441624365483,
                "support": 92
            },
            "I-NEG": {
                "precision": 0.0,
                "recall": 0.0,
                "f1": 0.0,
                "support": 1
            },
            "B-NSCO": {
                "precision": 0.7157894736842105,
                "recall": 0.7472527472527473,
                "f1": 0.7311827956989247,
                "support": 91
            },
            "I-NSCO": {
                "precision": 0.6615384615384615,
                "recall": 0.671875,
                "f1": 0.6666666666666666,
                "support": 192
            },
            "B-UNC": {
                "precision": 0.6666666666666666,
                "recall": 1.0,
                "f1": 0.8,
                "support": 6
            },
            "I-UNC": {
                "precision": 0.6,
                "recall": 1.0,
                "f1": 0.75,
                "support": 3
            },
            "B-USCO": {
                "precision": 0.75,
                "recall": 1.0,
                "f1": 0.8571428571428571,
                "support": 6
            },
            "I-USCO": {
                "precision": 0.23076923076923078,
                "recall": 0.3333333333333333,
                "f1": 0.2727272727272727,
                "support": 9
            },
            "O": {
                "precision": 0.9903102885138814,
                "recall": 0.9864439865524347,
                "f1": 0.9883733565141801,
                "support": 9221
            }
        },
        "macro_avg": {
            "precision": 0.6027331034106955,
            "recall": 0.740313123401864,
            "f1": 0.6587819012429389
        },
        "weighted_avg": {
            "precision": 0.9781370450743437,
            "recall": 0.9766136576239476,
            "f1": 0.9772753996847959
        }
    }
}