{
    "spanish": {
        "class_metrics": {
            "B-NEG": {
                "precision": 0.9388523047977423,
                "recall": 0.960538979788258,
                "f1": 0.9495718363463368,
                "support": 1039
            },
            "I-NEG": {
                "precision": 0.75,
                "recall": 0.75,
                "f1": 0.75,
                "support": 20
            },
            "B-NSCO": {
                "precision": 0.858,
                "recall": 0.8719512195121951,
                "f1": 0.8649193548387096,
                "support": 984
            },
            "I-NSCO": {
                "precision": 0.7656012176560122,
                "recall": 0.7522432701894317,
                "f1": 0.758863464923309,
                "support": 2006
            },
            "B-UNC": {
                "precision": 0.6615384615384615,
                "recall": 0.6991869918699187,
                "f1": 0.6798418972332015,
                "support": 123
            },
            "I-UNC": {
                "precision": 0.6567164179104478,
                "recall": 0.7096774193548387,
                "f1": 0.6821705426356589,
                "support": 62
            },
            "B-USCO": {
                "precision": 0.6148148148148148,
                "recall": 0.6747967479674797,
                "f1": 0.6434108527131783,
                "support": 123
            },
            "I-USCO": {
                "precision": 0.34976525821596244,
                "recall": 0.4173669467787115,
                "f1": 0.38058748403575987,
                "support": 357
            },
            "O": {
                "precision": 0.9761293021032504,
                "recall": 0.9732797140303843,
                "f1": 0.9747024253453059,
                "support": 33570
            }
        },
        "macro_avg": {
            "precision": 0.7301575307818546,
            "recall": 0.756560143276802,
            "f1": 0.7426742064523845
        },
        "weighted_avg": {
            "precision": 0.9524023175998833,
            "recall": 0.9511806498798454,
            "f1": 0.9517461787245531
        }
    },
    "catalan": {
        "class_metrics": {
            "B-NEG": {
                "precision": 0.8058252427184466,
                "recall": 0.9021739130434783,
                "f1": 0.8512820512820513,
                "support": 92
            },
            "I-NEG": {
                "precision": 0.0,
                "recall": 0.0,
                "f1": 0.0,
                "support": 1
            },
            "B-NSCO": {
                "precision": 0.74,
                "recall": 0.8131868131868132,
                "f1": 0.774869109947644,
                "support": 91
            },
            "I-NSCO": {
                "precision": 0.6914893617021277,
                "recall": 0.6770833333333334,
                "f1": 0.6842105263157895,
                "support": 192
            },
            "B-UNC": {
                "precision": 0.5454545454545454,
                "recall": 1.0,
                "f1": 0.7058823529411765,
                "support": 6
            },
            "I-UNC": {
                "precision": 0.6,
                "recall": 1.0,
                "f1": 0.75,
                "support": 3
            },
            "B-USCO": {
                "precision": 0.6,
                "recall": 1.0,
                "f1": 0.75,
                "support": 6
            },
            "I-USCO": {
                "precision": 0.21428571428571427,
                "recall": 0.3333333333333333,
                "f1": 0.2608695652173913,
                "support": 9
            },
            "O": {
                "precision": 0.990968443960827,
                "recall": 0.9876369157358205,
                "f1": 0.9892998750746836,
                "support": 9221
            }
        },
        "macro_avg": {
            "precision": 0.5764470342357401,
            "recall": 0.7459349231814199,
            "f1": 0.6407126089754152
        },
        "weighted_avg": {
            "precision": 0.9793746180481228,
            "recall": 0.9782766864151335,
            "f1": 0.9786785913152558
        }
    }
}