{
    "token_metrics": {
        "class_metrics": {
            "NEG": {
                "precision": 0.9308873720136519,
                "recall": 0.9470486111111112,
                "f1": 0.9388984509466437,
                "support": 1152
            },
            "NSCO": {
                "precision": 0.7877853177051203,
                "recall": 0.7803238619003972,
                "f1": 0.7840368380660016,
                "support": 3273
            },
            "UNC": {
                "precision": 0.5821596244131455,
                "recall": 0.6391752577319587,
                "f1": 0.6093366093366094,
                "support": 194
            },
            "USCO": {
                "precision": 0.3895705521472393,
                "recall": 0.5131313131313131,
                "f1": 0.44289450741063646,
                "support": 495
            },
            "O": {
                "precision": 0.9779853548629366,
                "recall": 0.974212704276062,
                "f1": 0.9760953842189715,
                "support": 42773
            }
        },
        "macro_avg": {
            "precision": 0.7336776442284187,
            "recall": 0.7707783496301686,
            "f1": 0.7502523579957725
        },
        "weighted_avg": {
            "precision": 0.956166549823752,
            "recall": 0.9541838077139934,
            "f1": 0.9550762323607281
        }
    },
    "entity_metrics": {
        "NEG": {
            "precision": 0.9320722269991402,
            "recall": 0.9652715939447908,
            "f1": 0.9483814523184603,
            "support": 1123
        },
        "NSCO": {
            "precision": 0.636697247706422,
            "recall": 0.6553352219074599,
            "f1": 0.645881805490926,
            "support": 1059
        },
        "UNC": {
            "precision": 0.4647887323943662,
            "recall": 0.5116279069767442,
            "f1": 0.48708487084870844,
            "support": 129
        },
        "USCO": {
            "precision": 0.1597222222222222,
            "recall": 0.17829457364341086,
            "f1": 0.1684981684981685,
            "support": 129
        },
        "macro_avg": {
            "precision": 0.5483201073305376,
            "recall": 0.5776323241181014,
            "f1": 0.5624615742890657
        }
    },
    "scope_metrics": {
        "NEG": {
            "precision": 0.9306458604247941,
            "recall": 0.964077233947014,
            "f1": 0.9470666078517865,
            "exact_matches": 1064,
            "partial_matches": 19,
            "missed": 40,
            "false_positives": 80
        },
        "NSCO": {
            "precision": 0.8519668737060041,
            "recall": 0.8802139037433155,
            "f1": 0.8658600736454498,
            "exact_matches": 699,
            "partial_matches": 248,
            "missed": 112,
            "false_positives": 143
        },
        "UNC": {
            "precision": 0.5875486381322957,
            "recall": 0.6536796536796536,
            "f1": 0.6188524590163935,
            "exact_matches": 62,
            "partial_matches": 27,
            "missed": 40,
            "false_positives": 53
        },
        "USCO": {
            "precision": 0.5128205128205128,
            "recall": 0.5882352941176471,
            "f1": 0.547945205479452,
            "exact_matches": 33,
            "partial_matches": 54,
            "missed": 42,
            "false_positives": 57
        },
        "macro_avg": {
            "precision": 0.7207454712709017,
            "recall": 0.7715515213719076,
            "f1": 0.7449310864982704
        }
    }
}