{
    "token_metrics": {
        "class_metrics": {
            "B-NEG": {
                "precision": 0.93717277486911,
                "recall": 0.9496021220159151,
                "f1": 0.9433465085638999,
                "support": 1131
            },
            "I-NEG": {
                "precision": 0.38461538461538464,
                "recall": 0.7142857142857143,
                "f1": 0.5,
                "support": 21
            },
            "B-NSCO": {
                "precision": 0.8258003766478342,
                "recall": 0.815813953488372,
                "f1": 0.8207767898923725,
                "support": 1075
            },
            "I-NSCO": {
                "precision": 0.7259323503902863,
                "recall": 0.7616014558689718,
                "f1": 0.7433392539964476,
                "support": 2198
            },
            "B-UNC": {
                "precision": 0.6197183098591549,
                "recall": 0.6821705426356589,
                "f1": 0.6494464944649446,
                "support": 129
            },
            "I-UNC": {
                "precision": 0.5268817204301075,
                "recall": 0.7538461538461538,
                "f1": 0.620253164556962,
                "support": 65
            },
            "B-USCO": {
                "precision": 0.5850340136054422,
                "recall": 0.6666666666666666,
                "f1": 0.6231884057971014,
                "support": 129
            },
            "I-USCO": {
                "precision": 0.30985915492957744,
                "recall": 0.4207650273224044,
                "f1": 0.35689455388180763,
                "support": 366
            },
            "O": {
                "precision": 0.9791867774821651,
                "recall": 0.971909981070786,
                "f1": 0.9755348095327454,
                "support": 42791
            }
        },
        "macro_avg": {
            "precision": 0.654911206981007,
            "recall": 0.748517957466738,
            "f1": 0.6925311089651423
        },
        "weighted_avg": {
            "precision": 0.955115421146156,
            "recall": 0.9520091848450057,
            "f1": 0.9534044343987208
        }
    },
    "entity_metrics": {
        "NEG": {
            "precision": 0.9520069808027923,
            "recall": 0.964633068081344,
            "f1": 0.9582784365393061,
            "support": 1131
        },
        "NSCO": {
            "precision": 0.615819209039548,
            "recall": 0.6083720930232558,
            "f1": 0.6120729995320542,
            "support": 1075
        },
        "UNC": {
            "precision": 0.6408450704225352,
            "recall": 0.7054263565891473,
            "f1": 0.6715867158671587,
            "support": 129
        },
        "USCO": {
            "precision": 0.19727891156462585,
            "recall": 0.2248062015503876,
            "f1": 0.21014492753623187,
            "support": 129
        },
        "macro_avg": {
            "precision": 0.6014875429573753,
            "recall": 0.6258094298110336,
            "f1": 0.6130207698686877
        }
    },
    "scope_metrics": {
        "NEG": {
            "precision": 0.9366476022877255,
            "recall": 0.949175211769951,
            "f1": 0.9428697962798938,
            "exact_matches": 1055,
            "partial_matches": 19,
            "missed": 57,
            "false_positives": 72
        },
        "NSCO": {
            "precision": 0.8305630026809652,
            "recall": 0.8191433104177683,
            "f1": 0.8248136315228967,
            "exact_matches": 645,
            "partial_matches": 259,
            "missed": 171,
            "false_positives": 158
        },
        "UNC": {
            "precision": 0.6214285714285714,
            "recall": 0.6850393700787402,
            "f1": 0.6516853932584269,
            "exact_matches": 85,
            "partial_matches": 4,
            "missed": 40,
            "false_positives": 53
        },
        "USCO": {
            "precision": 0.5527426160337553,
            "recall": 0.6517412935323383,
            "f1": 0.5981735159817352,
            "exact_matches": 37,
            "partial_matches": 57,
            "missed": 35,
            "false_positives": 53
        },
        "macro_avg": {
            "precision": 0.7353454481077544,
            "recall": 0.7762747964496994,
            "f1": 0.7543855842607381
        }
    }
}